species,Em,i0,k,b
Iceberg,3.115487813949585,128.75381469726562,7803.333984375,7.274549961090088
