species,variety,Vcmax25,Jmax25,TPU25,Rd25,alpha,theta,Vcmax_dHa,Vcmax_Topt,Vcmax_dHd,Jmax_dHa,Jmax_Topt,Jmax_dHd,TPU_dHa,TPU_Topt,TPU_dHd,Rd_dHa,GammaS25,GammaS_dHa,Kc25,Kc_dHa,Ko25,Ko_dHa,O,alphaG,gm
Capsicum anuum,unknown,122.4482421875,245.1115264892578,14.859846115112305,6.645877361297607,0.4004780352115631,0.6715207099914551,127.93201446533203,316.5058288574219,141.7877655029297,41.43702697753906,308.2303771972656,204.4475555419922,38.47969055175781,307.6660461425781,184.5941925048828,46.38999938964844,42.75,37.83000183105469,404.8999938964844,79.43000030517578,278.3999938964844,36.380001068115234,213.5,4.539787187241018e-05,0.25
