species,variety,Vcmax25,Jmax25,TPU25,Rd25,alpha,theta,Vcmax_dHa,Vcmax_Topt,Vcmax_dHd,Jmax_dHa,Jmax_Topt,Jmax_dHd,TPU_dHa,TPU_Topt,TPU_dHd,Rd_dHa,Gamma25,Gamma_dHa,Kc25,Kc_dHa,Ko25,Ko_dHa,O
Iceberg,Calmar,85.16397094726562,187.75540161132812,12.763382911682129,6.709084987640381,0.47886204719543457,0.18639545142650604,5.837724685668945,274.5865783691406,200.0,106.10916137695312,333.42718505859375,200.0,47.156707763671875,294.52484130859375,201.8000030517578,46.38999938964844,42.75,37.83000183105469,404.8999938964844,79.43000030517578,278.3999938964844,36.380001068115234,213.5
