species,variety,Vcmax25,Jmax25,TPU25,Rd25,alpha,theta,Vcmax_dHa,Vcmax_Topt,Vcmax_dHd,Jmax_dHa,Jmax_Topt,Jmax_dHd,TPU_dHa,TPU_Topt,TPU_dHd,Rd_dHa,GammaS25,GammaS_dHa,Kc25,Kc_dHa,Ko25,Ko_dHa,O,alphaG,gm
Lactuca sativa var. longifolia,Variety,165.7706298828125,300.9416198730469,24.2353515625,3.611124038696289,0.50070720911026,0.609106719493866,65.7710952758789,334.4897766113281,239.9255828857422,79.35194396972656,312.93359375,90.77826690673828,54.41347885131836,300.6700134277344,202.99867248535156,46.38999938964844,42.75,37.83000183105469,404.8999938964844,79.43000030517578,278.3999938964844,36.380001068115234,213.5,4.539787187241018e-05,0.7608642578125
