species,variety,Vcmax25,Jmax25,TPU25,Rd25,alpha,theta,Vcmax_dHa,Vcmax_Topt,Vcmax_dHd,Jmax_dHa,Jmax_Topt,Jmax_dHd,TPU_dHa,TPU_Topt,TPU_dHd,Rd_dHa,Gamma25,Gamma_dHa,Kc25,Kc_dHa,Ko25,Ko_dHa,O
Species,Variety,79.10443115234375,195.3479461669922,7.7416672706604,1.6953866481781006,0.4079039990901947,0.15490113198757172,79.85272979736328,319.3401184082031,200.0,53.1957893371582,316.38128662109375,200.0,158.92926025390625,330.7341003417969,201.8000030517578,46.38999938964844,42.75,37.83000183105469,404.8999938964844,79.43000030517578,278.3999938964844,36.380001068115234,213.5
