species,variety,Vcmax25,Jmax25,TPU25,Rd25,alpha,theta,Vcmax_dHa,Vcmax_Topt,Vcmax_dHd,Jmax_dHa,Jmax_Topt,Jmax_dHd,TPU_dHa,TPU_Topt,TPU_dHd,Rd_dHa,GammaS25,GammaS_dHa,Kc25,Kc_dHa,Ko25,Ko_dHa,O,alphaG,gm
Species,Variety,-9.331893920898438,-16.62007713317871,0.005329837091267109,-35.05402374267578,0.8774095773696899,1.956255555152893,94.35725402832031,297.1692199707031,359.5359191894531,71.27651977539062,295.17816162109375,327.9573974609375,68.99181365966797,314.6983947753906,211.9528350830078,46.38999938964844,42.75,37.83000183105469,404.8999938964844,79.43000030517578,278.3999938964844,36.380001068115234,213.5,4.539787187241018e-05,0.25
