species,variety,Vcmax25,Jmax25,TPU25,Rd25,alpha,theta,Vcmax_dHa,Vcmax_Topt,Vcmax_dHd,Jmax_dHa,Jmax_Topt,Jmax_dHd,TPU_dHa,TPU_Topt,TPU_dHd,Rd_dHa,GammaS25,GammaS_dHa,Kc25,Kc_dHa,Ko25,Ko_dHa,O,alphaG,gm
Species,Variety,90.12445831298828,183.7869110107422,9.494881629943848,8.876751899719238,0.508701741695404,0.10053946077823639,61.09600067138672,304.573974609375,191.15602111816406,40.93608856201172,289.6064147949219,188.1616668701172,53.7138786315918,304.2803039550781,197.41151428222656,46.38999938964844,42.75,37.83000183105469,404.8999938964844,79.43000030517578,278.3999938964844,36.380001068115234,213.5,4.539787187241018e-05,0.25
