species,variety,Vcmax25,Jmax25,TPU25,Rd25,alpha,theta,Vcmax_dHa,Vcmax_Topt,Vcmax_dHd,Jmax_dHa,Jmax_Topt,Jmax_dHd,TPU_dHa,TPU_Topt,TPU_dHd,Rd_dHa,Gamma25,Gamma_dHa,Kc25,Kc_dHa,Ko25,Ko_dHa,O
Species,Variety,64.06742095947266,195.96719360351562,9.141168594360352,3.538442850112915,0.38739481568336487,0.18004798889160156,92.39392852783203,311.9517517089844,200.0,39.38679885864258,290.8364562988281,200.0,154.60658264160156,320.19561767578125,201.8000030517578,46.38999938964844,42.75,37.83000183105469,404.8999938964844,79.43000030517578,278.3999938964844,36.380001068115234,213.5
