species,variety,Vcmax25,Jmax25,TPU25,Rd25,alpha,theta,Vcmax_dHa,Vcmax_Topt,Vcmax_dHd,Jmax_dHa,Jmax_Topt,Jmax_dHd,TPU_dHa,TPU_Topt,TPU_dHd,Rd_dHa,Gamma25,Gamma_dHa,Kc25,Kc_dHa,Ko25,Ko_dHa,O
Species,Variety,75.46490478515625,187.64874267578125,11.217174530029297,4.816281318664551,0.45509079098701477,0.13441935181617737,92.88347625732422,311.88873291015625,200.0,78.92088317871094,307.7158203125,200.0,63.42076873779297,307.3103332519531,201.8000030517578,46.38999938964844,42.75,37.83000183105469,404.8999938964844,79.43000030517578,278.3999938964844,36.380001068115234,213.5
