species,variety,Vcmax25,Jmax25,TPU25,Rd25,alpha,theta,Vcmax_dHa,Vcmax_Topt,Vcmax_dHd,Jmax_dHa,Jmax_Topt,Jmax_dHd,TPU_dHa,TPU_Topt,TPU_dHd,Rd_dHa,Gamma25,Gamma_dHa,Kc25,Kc_dHa,Ko25,Ko_dHa,O
Species,Variety,63.898773193359375,116.04705810546875,6.090053558349609,0.6165286898612976,0.562768280506134,0.0,47.7755012512207,320.0914611816406,200.0,25.083274841308594,311.00970458984375,200.0,22.145536422729492,311.1772155761719,201.8000030517578,46.38999938964844,63.059879302978516,37.83000183105469,461.0456848144531,79.43000030517578,215.9833984375,36.380001068115234,213.5
