species,variety,Vcmax25,Jmax25,TPU25,Rd25,alpha,theta,Vcmax_dHa,Vcmax_Topt,Vcmax_dHd,Jmax_dHa,Jmax_Topt,Jmax_dHd,TPU_dHa,TPU_Topt,TPU_dHd,Rd_dHa,GammaS25,GammaS_dHa,Kc25,Kc_dHa,Ko25,Ko_dHa,O,alphaG,gm
Species,Variety,109.99122619628906,193.70059204101562,11.517522811889648,1.0276329517364502,0.3720918595790863,0.8478407263755798,153.22059631347656,316.6600036621094,162.41403198242188,47.26716995239258,310.341064453125,193.53919982910156,62.9604606628418,309.2940673828125,157.7195281982422,46.38999938964844,42.75,37.83000183105469,404.8999938964844,79.43000030517578,278.3999938964844,36.380001068115234,213.5,4.539787187241018e-05,0.4889710545539856
