species,variety,Vcmax25,Jmax25,TPU25,Rd25,alpha,theta,Vcmax_dHa,Vcmax_Topt,Vcmax_dHd,Jmax_dHa,Jmax_Topt,Jmax_dHd,TPU_dHa,TPU_Topt,TPU_dHd,Rd_dHa,GammaS25,GammaS_dHa,Kc25,Kc_dHa,Ko25,Ko_dHa,O,alphaG,gm
Species,Variety,77.07333374023438,191.66729736328125,9.607027053833008,2.4418561458587646,0.4365108013153076,0.12162914127111435,186.66893005371094,310.77642822265625,223.88096618652344,167.0308837890625,307.41217041015625,210.07693481445312,202.4859619140625,305.53070068359375,242.4835968017578,46.38999938964844,72.85630798339844,37.83000183105469,435.25457763671875,79.43000030517578,238.7342987060547,36.380001068115234,213.5,9.201979622730505e-09,0.42317765951156616
