species,variety,Vcmax25,Jmax25,TPU25,Rd25,alpha,theta,Vcmax_dHa,Vcmax_Topt,Vcmax_dHd,Jmax_dHa,Jmax_Topt,Jmax_dHd,TPU_dHa,TPU_Topt,TPU_dHd,Rd_dHa,Gamma25,Gamma_dHa,Kc25,Kc_dHa,Ko25,Ko_dHa,O
Species,Variety,89.789794921875,196.07382202148438,9.081313133239746,1.9118703603744507,0.382753849029541,0.2309599369764328,139.46559143066406,331.679931640625,200.0,74.16516876220703,320.3915710449219,200.0,181.6716766357422,342.408447265625,201.8000030517578,46.38999938964844,42.75,37.83000183105469,404.8999938964844,79.43000030517578,278.3999938964844,36.380001068115234,213.5
