species,variety,Vcmax25,Jmax25,TPU25,Rd25,alpha,theta,Vcmax_dHa,Vcmax_Topt,Vcmax_dHd,Jmax_dHa,Jmax_Topt,Jmax_dHd,TPU_dHa,TPU_Topt,TPU_dHd,Rd_dHa,GammaS25,GammaS_dHa,Kc25,Kc_dHa,Ko25,Ko_dHa,O,alphaG,gm
Vaccinium angustifolium,Variety,52.70647430419922,148.67657470703125,24.34174346923828,1.3752050399780273,0.19500723481178284,0.11314193159341812,81.39979553222656,313.7952880859375,186.8363800048828,72.50446319580078,309.4133605957031,267.43414306640625,52.44195556640625,305.7672119140625,201.6221923828125,46.38999938964844,42.75,37.83000183105469,404.8999938964844,79.43000030517578,278.3999938964844,36.380001068115234,213.5,4.539787187241018e-05,0.4305107891559601
